[
  {
    "category": "Medicine",
    "name": "Adrenalin Inj",
    "strength": "1mg",
    "price": 25.00,
    "type": "Injection",
    "id": 1
  },
  {
    "category": "Medicine",
    "name": "Acetaminophen Inj",
    "strength": "500mg",
    "price": 150.00,
    "type": "Injection",
    "id": 2
  },
  {
    "category": "Medicine",
    "name": "Aldactone Tab",
    "strength": "25mg",
    "price": 5.00,
    "type": "Tablet",
    "id": 3
  },
  {
    "category": "Medicine",
    "name": "Aldomet Tab",
    "strength": "250mg",
    "price": 3.50,
    "type": "Tablet",
    "id": 4
  },
  {
    "category": "Medicine",
    "name": "Allopurinol Tab (Aluric)",
    "strength": "100mg",
    "price": 2.50,
    "type": "Tablet",
    "id": 5
  },
  {
    "category": "Medicine",
    "name": "Alupent / Ventolin Nebulizer",
    "strength": "0.1, 0.2, 0.3ml",
    "price": "10, 15, 20/dose",
    "type": "Nebulizer",
    "id": 6
  },
  {
    "category": "Medicine",
    "name": "Albendazole Tab",
    "strength": "400mg",
    "price": 5.00,
    "type": "Tablet",
    "id": 7
  },
  {
    "category": "Medicine",
    "name": "Aminophylin Inj",
    "strength": "250mg",
    "price": 18.00,
    "type": "Injection",
    "id": 8
  },
  {
    "category": "Medicine",
    "name": "Amoxycillin Cap",
    "strength": "250mg",
    "price": 3.00,
    "type": "Capsule",
    "id": 9
  },
  {
    "category": "Medicine",
    "name": "Amoxycillin Syr",
    "strength": "125mg",
    "price": 70.00,
    "type": "Syrup",
    "id": 10
  },
  {
    "category": "Medicine",
    "name": "Amoxycillin Inj",
    "strength": "500mg",
    "price": 60.00,
    "type": "Injection",
    "id": 11
  },
  {
    "category": "Medicine",
    "name": "Amikacin Inj",
    "strength": "500mg",
    "price": 48.00,
    "type": "Injection",
    "id": 12
  },
  {
    "category": "Medicine",
    "name": "Amino Acid Inj 10%",
    "strength": "1000ml",
    "price": 400.00,
    "type": "Injection",
    "id": 13
  },
  {
    "category": "Medicine",
    "name": "Anclog Tab (Clopidegrol)",
    "strength": "75mg",
    "price": 10.00,
    "type": "Tablet",
    "id": 14
  },
  {
    "category": "Medicine",
    "name": "Angilock Tab (Losartan K)",
    "strength": "50mg",
    "price": 8.00,
    "type": "Tablet",
    "id": 15
  },
  {
    "category": "Medicine",
    "name": "Antazol Nasal Drops (Xylometazolin)",
    "strength": "0.10%",
    "price": 8.00,
    "type": "Nasal Drops",
    "id": 16
  },
  {
    "category": "Medicine",
    "name": "Anti Snake Venom",
    "strength": "",
    "price": 1000.00,
    "type": "Injection",
    "id": 17
  },
  {
    "category": "Medicine",
    "name": "Antibiotic Skin Out",
    "strength": "10gm",
    "price": 44.00,
    "type": "Ointment",
    "id": 18
  },
  {
    "category": "Medicine",
    "name": "Apresolin Inj",
    "strength": "20mg",
    "price": 150.00,
    "type": "Injection",
    "id": 19
  },
  {
    "category": "Medicine",
    "name": "Aqualax Powder (Polyethylene Glycol)",
    "strength": "85mg",
    "price": 120.00,
    "type": "Powder",
    "id": 20
  },
  {
    "category": "Medicine",
    "name": "Aquamephyton Inj (Phytonadion)",
    "strength": "2mg",
    "price": 20.00,
    "type": "Injection",
    "id": 21
  },
  {
    "category": "Medicine",
    "name": "Aspirin Tab (ASA)",
    "strength": "75mg",
    "price": 0.57,
    "type": "Tablet",
    "id": 22
  },
  {
    "category": "Medicine",
    "name": "Atorvastatin Tab",
    "strength": "10mg",
    "price": 11.00,
    "type": "Tablet",
    "id": 23
  },
  {
    "category": "Medicine",
    "name": "Atorvastatin Tab",
    "strength": "40mg",
    "price": 24.00,
    "type": "Tablet",
    "id": 24
  },
  {
    "category": "Medicine",
    "name": "Atropine Inj",
    "strength": "0.6mg",
    "price": 10.00,
    "type": "Injection",
    "id": 25
  },
  {
    "category": "Medicine",
    "name": "Avelin Tab (Amitriptyllin)",
    "strength": "25mg",
    "price": 1.75,
    "type": "Tablet",
    "id": 26
  },
  {
    "category": "Medicine",
    "name": "Antacid Syr",
    "strength": "200ml",
    "price": 45.00,
    "type": "Syrup",
    "id": 27
  },
  {
    "category": "Medicine",
    "name": "Amitryptyllin Tab",
    "strength": "25mg",
    "price": 1.75,
    "type": "Tablet",
    "id": 28
  },
  {
    "category": "Medicine",
    "name": "Arlin Tab (Linezolid)",
    "strength": "600mg",
    "price": 85.00,
    "type": "Tablet",
    "id": 29
  },
  {
    "category": "Medicine",
    "name": "Arlin Syr",
    "strength": "100mg",
    "price": 14.74,
    "type": "Syrup",
    "id": 30
  },
  {
    "category": "Medicine",
    "name": "Asmanyl SR Tab (Theophyllin)",
    "strength": "300mg",
    "price": 2.35,
    "type": "Tablet",
    "id": 31
  },
  {
    "category": "Medicine",
    "name": "Azithromycin Tab",
    "strength": "500mg",
    "price": 30.00,
    "type": "Tablet",
    "id": 32
  },
  {
    "category": "Medicine",
    "name": "Azithromycin Sy",
    "strength": "700mg/15ml",
    "price": 85.00,
    "type": "Syrup",
    "id": 33
  },
  {
    "category": "Medicine",
    "name": "Augmantin Tab",
    "strength": "250mg",
    "price": 22.00,
    "type": "Tablet",
    "id": 34
  },
  {
    "category": "Medicine",
    "name": "Augmantin Sy",
    "strength": "125mg",
    "price": 7.90,
    "type": "Syrup",
    "id": 35
  },
  {
    "category": "Medicine",
    "name": "Anectin Inj (Succinylcholin)",
    "strength": "1gm",
    "price": 220.00,
    "type": "Injection",
    "id": 36
  },
  {
    "category": "Medicine",
    "name": "Amlodipine Tab",
    "strength": "5gm",
    "price": 2.50,
    "type": "Tablet",
    "id": 37
  },
  {
    "category": "Medicine",
    "name": "Alatrol Tab (Cetirizine Dihydrochloride)",
    "strength": "10mg",
    "price": 3.00,
    "type": "Tablet",
    "id": 38
  },
  {
    "category": "Medicine",
    "name": "Atenolol",
    "strength": "50mg",
    "price": 0.76,
    "type": "Tablet",
    "id": 39
  },
  {
    "category": "Medicine",
    "name": "Apaxiban Tab",
    "strength": "5mg",
    "price": 20.00,
    "type": "Tablet",
    "id": 40
  },
  {
    "category": "Medicine",
    "name": "Bactroban Oint (Mupirocin 2%)",
    "strength": "",
    "price": 140.00,
    "type": "Ointment",
    "id": 41
  },
  {
    "category": "Medicine",
    "name": "B.C Inj",
    "strength": "",
    "price": 5.00,
    "type": "Injection",
    "id": 42
  },
  {
    "category": "Medicine",
    "name": "B.C Pill",
    "strength": "",
    "price": 1.00,
    "type": "Tablet",
    "id": 43
  },
  {
    "category": "Medicine",
    "name": "Bactrim Syr",
    "strength": "50ml",
    "price": 23.00,
    "type": "Syrup",
    "id": 44
  },
  {
    "category": "Medicine",
    "name": "Bactrim Ds tab",
    "strength": "160/800",
    "price": 3.00,
    "type": "Tablet",
    "id": 45
  },
  {
    "category": "Medicine",
    "name": "Benadryl Inj (Dipenhydramine)",
    "strength": "50mg",
    "price": 41.00,
    "type": "Injection",
    "id": 46
  },
  {
    "category": "Medicine",
    "name": "Benadryl Syr/ Adryl",
    "strength": "10mg",
    "price": 40.00,
    "type": "Syrup",
    "id": 47
  },
  {
    "category": "Medicine",
    "name": "Betaloc Tab",
    "strength": "50mg",
    "price": 2.00,
    "type": "Tablet",
    "id": 48
  },
  {
    "category": "Medicine",
    "name": "Bupivacaine Heavy Inj",
    "strength": "",
    "price": 30.00,
    "type": "Injection",
    "id": 49
  },
  {
    "category": "Medicine",
    "name": "Benzoin Tx",
    "strength": "",
    "price": 8.50,
    "type": "Solution",
    "id": 50
  },
  {
    "category": "Medicine",
    "name": "Betadine",
    "strength": "1oz",
    "price": 30.00,
    "type": "Solution",
    "id": 51
  },
  {
    "category": "Medicine",
    "name": "Betnovate Rectal Oint",
    "strength": "",
    "price": 80.00,
    "type": "Ointment",
    "id": 52
  },
  {
    "category": "Medicine",
    "name": "Becotide Inhaler",
    "strength": "",
    "price": 270.00,
    "type": "Inhaler",
    "id": 53
  },
  {
    "category": "Medicine",
    "name": "Bisoprolol",
    "strength": "2.5mg",
    "price": 6.00,
    "type": "Tablet",
    "id": 54
  },
  {
    "category": "Medicine",
    "name": "Baelomin",
    "strength": "",
    "price": 270.00,
    "type": "Medicine",
    "id": 55
  },
  {
    "category": "Medicine",
    "name": "Budicart",
    "strength": "",
    "price": 50.00,
    "type": "Inhaler",
    "id": 56
  },
  {
    "category": "Medicine",
    "name": "Bisocodyl",
    "strength": "5mg",
    "price": 1.00,
    "type": "Tablet",
    "id": 57
  },
  {
    "category": "Medicine",
    "name": "Brodyl / Brodil",
    "strength": "",
    "price": 23.00,
    "type": "Syrup",
    "id": 58
  },
  {
    "category": "Medicine",
    "name": "Bactrocin",
    "strength": "",
    "price": 44.00,
    "type": "Ointment",
    "id": 59
  },
  {
    "category": "Medicine",
    "name": "Calcium Carbonate D Tab",
    "strength": "500mg",
    "price": 7.00,
    "type": "Tablet",
    "id": 60
  },
  {
    "category": "Medicine",
    "name": "Calcium Gluconate Inj",
    "strength": "100mg",
    "price": 35.00,
    "type": "Injection",
    "id": 61
  },
  {
    "category": "Medicine",
    "name": "Carbamazipine Tab",
    "strength": "200mg",
    "price": 5.00,
    "type": "Tablet",
    "id": 62
  },
  {
    "category": "Medicine",
    "name": "Carbimazole",
    "strength": "5mg",
    "price": 4.00,
    "type": "Tablet",
    "id": 63
  },
  {
    "category": "Medicine",
    "name": "Cardizem SR Cap (Dilatiazem)",
    "strength": "90mg",
    "price": 6.00,
    "type": "Capsule",
    "id": 64
  },
  {
    "category": "Medicine",
    "name": "Captopril Tab",
    "strength": "25mg",
    "price": 3.00,
    "type": "Tablet",
    "id": 65
  },
  {
    "category": "Medicine",
    "name": "Carvedilol Tab",
    "strength": "25mg",
    "price": 8.00,
    "type": "Tablet",
    "id": 66
  },
  {
    "category": "Medicine",
    "name": "Caphalexin Cap",
    "strength": "250mg",
    "price": 6.00,
    "type": "Capsule",
    "id": 67
  },
  {
    "category": "Medicine",
    "name": "Chloramphenicol Eye Drops",
    "strength": "",
    "price": 34.00,
    "type": "Eye Drops",
    "id": 68
  },
  {
    "category": "Medicine",
    "name": "Chloramphenicol Eye Oint",
    "strength": "",
    "price": 11.00,
    "type": "Eye Ointment",
    "id": 69
  },
  {
    "category": "Medicine",
    "name": "Chloroquin P Tab",
    "strength": "250mg",
    "price": 1.20,
    "type": "Tablet",
    "id": 70
  },
  {
    "category": "Medicine",
    "name": "Chloroquin Sy",
    "strength": "80mg",
    "price": 1.65,
    "type": "Syrup",
    "id": 71
  },
  {
    "category": "Medicine",
    "name": "Chloroquin Hydroxy",
    "strength": "200mg",
    "price": 12.00,
    "type": "Tablet",
    "id": 72
  },
  {
    "category": "Medicine",
    "name": "Cinaron Tab (Cinnerazine)",
    "strength": "15mg",
    "price": 1.34,
    "type": "Tablet",
    "id": 73
  },
  {
    "category": "Medicine",
    "name": "Coartem Tab (Artemether/Lumefantrin)",
    "strength": "20/120mg",
    "price": 20.00,
    "type": "Tablet",
    "id": 74
  },
  {
    "category": "Medicine",
    "name": "Clarithromycin Tab",
    "strength": "500mg",
    "price": 40.00,
    "type": "Tablet",
    "id": 75
  },
  {
    "category": "Medicine",
    "name": "Clopidegrol Tab",
    "strength": "75mg",
    "price": 10.00,
    "type": "Tablet",
    "id": 76
  },
  {
    "category": "Medicine",
    "name": "Comet Tab (Metformine)",
    "strength": "500mg",
    "price": 3.00,
    "type": "Tablet",
    "id": 77
  },
  {
    "category": "Medicine",
    "name": "Comet Tab (Metformine)",
    "strength": "850mg",
    "price": 3.50,
    "type": "Tablet",
    "id": 78
  },
  {
    "category": "Medicine",
    "name": "Ciprocin Tab",
    "strength": "500mg",
    "price": 10.00,
    "type": "Tablet",
    "id": 79
  },
  {
    "category": "Medicine",
    "name": "Ciprocin Sy (Ciprofloxacin)",
    "strength": "250mg",
    "price": 90.00,
    "type": "Syrup",
    "id": 80
  },
  {
    "category": "Medicine",
    "name": "Ciprocin Inj",
    "strength": "200mg",
    "price": 65.00,
    "type": "Injection",
    "id": 81
  },
  {
    "category": "Medicine",
    "name": "Cipro Ear Drop",
    "strength": "",
    "price": 20.00,
    "type": "Ear Drop",
    "id": 82
  },
  {
    "category": "Medicine",
    "name": "Combine 3 puff (Ipra Inhealer)",
    "strength": "",
    "price": 250.00,
    "type": "Inhaler",
    "id": 83
  },
  {
    "category": "Medicine",
    "name": "Clofenac gel (Diclofenac Sod)",
    "strength": "",
    "price": 12.90,
    "type": "Gel",
    "id": 84
  },
  {
    "category": "Medicine",
    "name": "Clofenac Inj",
    "strength": "75mg",
    "price": 14.00,
    "type": "Injection",
    "id": 85
  },
  {
    "category": "Medicine",
    "name": "Clofenac Tab",
    "strength": "50mg",
    "price": 0.80,
    "type": "Tablet",
    "id": 86
  },
  {
    "category": "Medicine",
    "name": "Cotrim Sy.",
    "strength": "",
    "price": 21.00,
    "type": "Syrup",
    "id": 87
  },
  {
    "category": "Medicine",
    "name": "Clofenac SR Tab",
    "strength": "100mg",
    "price": 3.00,
    "type": "Tablet",
    "id": 88
  },
  {
    "category": "Medicine",
    "name": "Clomid Tab (Clomophene Citrate)",
    "strength": "50mg",
    "price": 10.00,
    "type": "Tablet",
    "id": 89
  },
  {
    "category": "Medicine",
    "name": "Cortider Cream (Hydrocortisone)",
    "strength": "1%",
    "price": 70.00,
    "type": "Cream",
    "id": 90
  },
  {
    "category": "Medicine",
    "name": "Clexane Inj (Exoxapirin)",
    "strength": "40mg",
    "price": 300.00,
    "type": "Injection",
    "id": 91
  },
  {
    "category": "Medicine",
    "name": "Cefazolin IV",
    "strength": "1000mg",
    "price": 210.00,
    "type": "Injection",
    "id": 92
  },
  {
    "category": "Medicine",
    "name": "Cefixime Cap",
    "strength": "200mg",
    "price": 20.00,
    "type": "Capsule",
    "id": 93
  },
  {
    "category": "Medicine",
    "name": "Cefixime Sy",
    "strength": "100mg",
    "price": 130.00,
    "type": "Syrup",
    "id": 94
  },
  {
    "category": "Medicine",
    "name": "Chlorpromazine",
    "strength": "50-100mg",
    "price": 225.00,
    "type": "Injection",
    "id": 95
  },
  {
    "category": "Medicine",
    "name": "Ceftazidime Inj",
    "strength": "1gm",
    "price": 215.00,
    "type": "Injection",
    "id": 96
  },
  {
    "category": "Medicine",
    "name": "Cephradine Sy",
    "strength": "125mg",
    "price": 80.00,
    "type": "Syrup",
    "id": 97
  },
  {
    "category": "Medicine",
    "name": "Cephradine Cap",
    "strength": "250mg",
    "price": 6.00,
    "type": "Capsule",
    "id": 98
  },
  {
    "category": "Medicine",
    "name": "Cephradine Inj",
    "strength": "500mg",
    "price": 60.00,
    "type": "Injection",
    "id": 99
  },
  {
    "category": "Medicine",
    "name": "Cycloberaprin",
    "strength": "10mg",
    "price": 3.00,
    "type": "Tablet",
    "id": 100
  },
  {
    "category": "Medicine",
    "name": "Cyclobenzapine",
    "strength": "10mg",
    "price": 3.00,
    "type": "Tablet",
    "id": 101
  },
  {
    "category": "Medicine",
    "name": "Ceftron Inj IV",
    "strength": "500mg",
    "price": 80.00,
    "type": "Injection",
    "id": 102
  },
  {
    "category": "Medicine",
    "name": "chcocin Eye Drops",
    "strength": "0.30%",
    "price": 20.00,
    "type": "Eye Drop",
    "id": 103
  },
  {
    "category": "Medicine",
    "name": "Danoil Tab",
    "strength": "5mg",
    "price": 0.35,
    "type": "Tablet",
    "id": 104
  },
  {
    "category": "Medicine",
    "name": "Diactin Tab (Glipizide)",
    "strength": "5mg",
    "price": 2.00,
    "type": "Tablet",
    "id": 105
  },
  {
    "category": "Medicine",
    "name": "Dapsone Tab",
    "strength": "",
    "price": 0.20,
    "type": "Tablet",
    "id": 106
  },
  {
    "category": "Medicine",
    "name": "Decason Tab (Dexamethasone)",
    "strength": "0.5mg",
    "price": 1.00,
    "type": "Tablet",
    "id": 107
  },
  {
    "category": "Medicine",
    "name": "Decason Inj",
    "strength": "4mg",
    "price": 25.00,
    "type": "Injection",
    "id": 108
  },
  {
    "category": "Medicine",
    "name": "Dental Floss",
    "strength": "",
    "price": 60.00,
    "type": "Medical Supply",
    "id": 109
  },
  {
    "category": "Medicine",
    "name": "Depo Medrol Inj (Methylprednisolone)",
    "strength": "40mg",
    "price": 130.00,
    "type": "Injection",
    "id": 110
  },
  {
    "category": "Medicine",
    "name": "Depo Provera Inj",
    "strength": "",
    "price": 5.00,
    "type": "Injection",
    "id": 111
  },
  {
    "category": "Medicine",
    "name": "Depo Medrol 1cc, 2% Xylocaine",
    "strength": "",
    "price": 130.00,
    "type": "Injection",
    "id": 112
  },
  {
    "category": "Medicine",
    "name": "Dermazine Cream (Silver Sulfadiazine)",
    "strength": "25mg",
    "price": 40.00,
    "type": "Cream",
    "id": 113
  },
  {
    "category": "Medicine",
    "name": "Dextromethorphan Sy",
    "strength": "10mg/tsp",
    "price": 40.00,
    "type": "Syrup",
    "id": 114
  },
  {
    "category": "Medicine",
    "name": "Dipersil Oint",
    "strength": "",
    "price": 4.00,
    "type": "Ointment",
    "id": 115
  },
  {
    "category": "Medicine",
    "name": "Digoxin Tab",
    "strength": "0.25mg",
    "price": 1.20,
    "type": "Tablet",
    "id": 116
  },
  {
    "category": "Medicine",
    "name": "Digoxin Inj",
    "strength": "0.25mg",
    "price": 55.00,
    "type": "Injection",
    "id": 117
  },
  {
    "category": "Medicine",
    "name": "Dilantin Tab",
    "strength": "100mg",
    "price": 5.00,
    "type": "Tablet",
    "id": 118
  },
  {
    "category": "Medicine",
    "name": "Diprosalic Sol",
    "strength": "",
    "price": 1.00,
    "type": "Solution",
    "id": 119
  },
  {
    "category": "Medicine",
    "name": "Doxycyclin Cap",
    "strength": "100mg",
    "price": 2.25,
    "type": "Capsule",
    "id": 120
  },
  {
    "category": "Medicine",
    "name": "Dyazide Tab",
    "strength": "25mg",
    "price": 1.00,
    "type": "Tablet",
    "id": 121
  },
  {
    "category": "Medicine",
    "name": "Diclofen Tab",
    "strength": "50mg",
    "price": 0.88,
    "type": "Tablet",
    "id": 122
  },
  {
    "category": "Medicine",
    "name": "Diclofen Inj",
    "strength": "75mg",
    "price": 14.00,
    "type": "Injection",
    "id": 123
  },
  {
    "category": "Medicine",
    "name": "Diclofen Gel",
    "strength": "10gm",
    "price": 12.90,
    "type": "Gel",
    "id": 124
  },
  {
    "category": "Medicine",
    "name": "Diclofen SR Tab (Diclofenac Sod)",
    "strength": "100mg",
    "price": 3.00,
    "type": "Tablet",
    "id": 125
  },
  {
    "category": "Medicine",
    "name": "Diltiazem SR Cap",
    "strength": "90mg",
    "price": 6.00,
    "type": "Capsule",
    "id": 126
  },
  {
    "category": "Medicine",
    "name": "Dextrose Inj",
    "strength": "25%",
    "price": 30.00,
    "type": "Injection",
    "id": 127
  },
  {
    "category": "Medicine",
    "name": "Dopamine Inj",
    "strength": "200mg",
    "price": 45.00,
    "type": "Injection",
    "id": 128
  },
  {
    "category": "Medicine",
    "name": "Dormicum Tab (Midazolam)",
    "strength": "7.5mg",
    "price": 8.00,
    "type": "Tablet",
    "id": 129
  },
  {
    "category": "Medicine",
    "name": "Dormicum Inj",
    "strength": "15mg",
    "price": "15.00/mg",
    "type": "Injection",
    "id": 130
  },
  {
    "category": "Medicine",
    "name": "Duke’s Magic Mouth Wash",
    "strength": "1 Bottle",
    "price": 140.00,
    "type": "Mouth Wash",
    "id": 131
  },
  {
    "category": "Medicine",
    "name": "Duralax Tab (Bisacodyl Hcl)",
    "strength": "5mg",
    "price": 1.00,
    "type": "Tablet",
    "id": 132
  },
  {
    "category": "Medicine",
    "name": "PPD",
    "strength": "Per Dose",
    "price": 50.00,
    "type": "Injection",
    "id": 133
  },
  {
    "category": "Medicine",
    "name": "Doxophyllin",
    "strength": "400mg",
    "price": 10.00,
    "type": "Tablet",
    "id": 134
  },
  {
    "category": "Medicine",
    "name": "Daonil",
    "strength": "5mg",
    "price": 0.33,
    "type": "Tablet",
    "id": 135
  },
  {
    "category": "Medicine",
    "name": "Diazide",
    "strength": "50mg",
    "price": 6.00,
    "type": "Tablet",
    "id": 136
  },
  {
    "category": "Medicine",
    "name": "Ephedrine Inj",
    "strength": "15mg",
    "price": 90.00,
    "type": "Injection",
    "id": 137
  },
  {
    "category": "Medicine",
    "name": "Erbolin Tab (Methyl Ergometrin)",
    "strength": "0.125mg",
    "price": 0.55,
    "type": "Tablet",
    "id": 138
  },
  {
    "category": "Medicine",
    "name": "Erbolin Inj",
    "strength": "0.2mg",
    "price": 3.00,
    "type": "Injection",
    "id": 139
  },
  {
    "category": "Medicine",
    "name": "E-Mycin Tab",
    "strength": "500mg",
    "price": 8.00,
    "type": "Tablet",
    "id": 140
  },
  {
    "category": "Medicine",
    "name": "E-Mycin Sy",
    "strength": "125mg",
    "price": "2.95/tsp",
    "type": "Syrup",
    "id": 141
  },
  {
    "category": "Medicine",
    "name": "Esomoprazole Tab",
    "strength": "20mg",
    "price": 2.50,
    "type": "Tablet",
    "id": 142
  },
  {
    "category": "Medicine",
    "name": "Evit Tab",
    "strength": "200mg",
    "price": 2.00,
    "type": "Tablet",
    "id": 143
  },
  {
    "category": "Medicine",
    "name": "Ecap",
    "strength": "200mg",
    "price": 5.00,
    "type": "Tablet",
    "id": 144
  },
  {
    "category": "Medicine",
    "name": "Emcil Tab (Pivmecillinum)",
    "strength": "200mg",
    "price": 16.00,
    "type": "Tablet",
    "id": 145
  },
  {
    "category": "Medicine",
    "name": "Emistat Inj",
    "strength": "8mg",
    "price": 30.00,
    "type": "Injection",
    "id": 146
  },
  {
    "category": "Medicine",
    "name": "Emistat Tab (Ondansetron)",
    "strength": "8mg",
    "price": 6.00,
    "type": "Tablet",
    "id": 147
  },
  {
    "category": "Medicine",
    "name": "Emistat FT Tab",
    "strength": "4mg",
    "price": 5.00,
    "type": "Tablet",
    "id": 148
  },
  {
    "category": "Medicine",
    "name": "Etoricoxib",
    "strength": "60mg",
    "price": 7.00,
    "type": "Tablet",
    "id": 149
  },
  {
    "category": "Medicine",
    "name": "Etroconazole",
    "strength": "100mg",
    "price": 15.00,
    "type": "Tablet",
    "id": 150
  },
  {
    "category": "Medicine",
    "name": "Erian Oint/ Rectal Oint",
    "strength": "",
    "price": 80.00,
    "type": "Ointment",
    "id": 151
  },
  {
    "category": "Medicine",
    "name": "Econate Vag Oint.",
    "strength": "",
    "price": 1000.00,
    "type": "Vaginal Ointment",
    "id": 152
  },
  {
    "category": "Medicine",
    "name": "Ephenephrine",
    "strength": "1mg",
    "price": 35.00,
    "type": "Injection",
    "id": 153
  }
]