[
  {"category": "Medicine", "name": "Adrenalin Inj", "strength": "1mg", "price": 25.00, "type": "Injection", "id": 1},
  {"category": "Medicine", "name": "Acetaminophen Inj", "strength": "500mg", "price": 150.00, "type": "Injection", "id": 2},
  {"category": "Medicine", "name": "Aldactone Tab", "strength": "25mg", "price": 5.00, "type": "Tablet", "id": 3},
  {"category": "Medicine", "name": "Aldomet Tab", "strength": "250mg", "price": 3.50, "type": "Tablet", "id": 4},
  {"category": "Medicine", "name": "Amoxycillin Cap", "strength": "250mg", "price": 3.00, "type": "Capsule", "id": 9},
  {"category": "Medicine", "name": "Amoxycillin Syr", "strength": "125mg", "price": 70.00, "type": "Syrup", "id": 10},
  {"category": "Medicine", "name": "Amoxycillin Inj", "strength": "500mg", "price": 60.00, "type": "Injection", "id": 11},
  {"category": "Medicine", "name": "Amikacin Inj", "strength": "500mg", "price": 48.00, "type": "Injection", "id": 12},
  {"category": "Medicine", "name": "Azithromycin Tab", "strength": "500mg", "price": 30.00, "type": "Tablet", "id": 32},
  {"category": "Medicine", "name": "Atorvastatin Tab", "strength": "10mg", "price": 11.00, "type": "Tablet", "id": 23},
  {"category": "Medicine", "name": "Atropine Inj", "strength": "0.6mg", "price": 10.00, "type": "Injection", "id": 25},
  {"category": "Medicine", "name": "Augmantin Tab", "strength": "250mg", "price": 22.00, "type": "Tablet", "id": 34},
  {"category": "Medicine", "name": "Bactrim Syr", "strength": "50ml", "price": 23.00, "type": "Syrup", "id": 44},
  {"category": "Medicine", "name": "Bactrim Ds Tab", "strength": "160/800", "price": 3.00, "type": "Tablet", "id": 45},
  {"category": "Medicine", "name": "Bisoprolol", "strength": "2.5mg", "price": 6.00, "type": "Tablet", "id": 54},
  {"category": "Medicine", "name": "Calcium Gluconate Inj", "strength": "100mg", "price": 35.00, "type": "Injection", "id": 61},
  {"category": "Medicine", "name": "Captopril Tab", "strength": "25mg", "price": 3.00, "type": "Tablet", "id": 65},
  {"category": "Medicine", "name": "Ceftriaxone Inj", "strength": "1gm", "price": 80.00, "type": "Injection", "id": 102},
  {"category": "Medicine", "name": "Ciprofloxacin Tab", "strength": "500mg", "price": 10.00, "type": "Tablet", "id": 79},
  {"category": "Medicine", "name": "Digoxin Tab", "strength": "0.25mg", "price": 1.20, "type": "Tablet", "id": 116},
  {"category": "Medicine", "name": "Dopamine Inj", "strength": "200mg", "price": 45.00, "type": "Injection", "id": 128},
  {"category": "Medicine", "name": "Esomeprazole Tab", "strength": "20mg", "price": 2.50, "type": "Tablet", "id": 142},
  {"category": "Medicine", "name": "Metformin Tab", "strength": "500mg", "price": 3.00, "type": "Tablet", "id": 77},
  {"category": "Medicine", "name": "Omeprazole Cap", "strength": "20mg", "price": 4.00, "type": "Capsule", "id": 200},
  {"category": "Medicine", "name": "Paracetamol Tab", "strength": "500mg", "price": 0.50, "type": "Tablet", "id": 201},
  {"category": "Laboratory", "name": "Complete Blood Count (CBC)", "strength": "", "price": 250.00, "type": "Test", "id": 300},
  {"category": "Laboratory", "name": "Blood Sugar Fasting", "strength": "", "price": 100.00, "type": "Test", "id": 301},
  {"category": "Laboratory", "name": "Lipid Profile", "strength": "", "price": 500.00, "type": "Test", "id": 302},
  {"category": "Laboratory", "name": "Liver Function Test", "strength": "", "price": 600.00, "type": "Test", "id": 303},
  {"category": "Laboratory", "name": "Kidney Function Test", "strength": "", "price": 550.00, "type": "Test", "id": 304},
  {"category": "Laboratory", "name": "Urinalysis", "strength": "", "price": 150.00, "type": "Test", "id": 305},
  {"category": "Laboratory", "name": "X-Ray Chest", "strength": "", "price": 400.00, "type": "Imaging", "id": 306},
  {"category": "Laboratory", "name": "ECG", "strength": "", "price": 300.00, "type": "Test", "id": 307},
  {"category": "Blood", "name": "Whole Blood Unit", "strength": "", "price": 1200.00, "type": "Transfusion", "id": 400},
  {"category": "Blood", "name": "Packed RBC", "strength": "", "price": 1500.00, "type": "Transfusion", "id": 401},
  {"category": "Blood", "name": "Fresh Frozen Plasma", "strength": "", "price": 800.00, "type": "Transfusion", "id": 402},
  {"category": "Blood", "name": "Platelet Concentrate", "strength": "", "price": 2000.00, "type": "Transfusion", "id": 403},
  {"category": "Surgery, O.R. & Delivery", "name": "Minor Surgery", "strength": "", "price": 5000.00, "type": "Procedure", "id": 500},
  {"category": "Surgery, O.R. & Delivery", "name": "Major Surgery", "strength": "", "price": 25000.00, "type": "Procedure", "id": 501},
  {"category": "Surgery, O.R. & Delivery", "name": "Normal Delivery", "strength": "", "price": 15000.00, "type": "Procedure", "id": 502},
  {"category": "Surgery, O.R. & Delivery", "name": "Cesarean Section", "strength": "", "price": 35000.00, "type": "Procedure", "id": 503},
  {"category": "Registration Fees", "name": "OPD Registration", "strength": "", "price": 100.00, "type": "Fee", "id": 600},
  {"category": "Registration Fees", "name": "Emergency Registration", "strength": "", "price": 200.00, "type": "Fee", "id": 601},
  {"category": "Registration Fees", "name": "IPD Admission", "strength": "", "price": 500.00, "type": "Fee", "id": 602},
  {"category": "Physical Therapy", "name": "Physiotherapy Session", "strength": "", "price": 300.00, "type": "Session", "id": 700},
  {"category": "Physical Therapy", "name": "Rehabilitation Program", "strength": "", "price": 1500.00, "type": "Program", "id": 701},
  {"category": "Food", "name": "Regular Diet (Per Day)", "strength": "", "price": 250.00, "type": "Daily", "id": 800},
  {"category": "Food", "name": "Special Diet (Per Day)", "strength": "", "price": 400.00, "type": "Daily", "id": 801},
  {"category": "IV.'s", "name": "Normal Saline 0.9%", "strength": "500ml", "price": 80.00, "type": "Fluid", "id": 900},
  {"category": "IV.'s", "name": "Dextrose 5%", "strength": "500ml", "price": 85.00, "type": "Fluid", "id": 901},
  {"category": "IV.'s", "name": "Ringer's Lactate", "strength": "500ml", "price": 90.00, "type": "Fluid", "id": 902},
  {"category": "Procedures", "name": "Wound Dressing", "strength": "", "price": 200.00, "type": "Procedure", "id": 1000},
  {"category": "Procedures", "name": "Catheterization", "strength": "", "price": 350.00, "type": "Procedure", "id": 1001},
  {"category": "Procedures", "name": "Nebulization", "strength": "", "price": 150.00, "type": "Procedure", "id": 1002},
  {"category": "Discharge Medicine", "name": "Take Home Medication Pack", "strength": "", "price": 500.00, "type": "Package", "id": 1100}
]
